2026-05-28T21:02:29Z,coraza,traefik,48m,904Mi
2026-05-28T21:02:29Z,coraza,whoami,0m,1Mi
2026-05-28T21:02:30Z,coraza,traefik,48m,904Mi
2026-05-28T21:02:30Z,coraza,whoami,0m,1Mi
2026-05-28T21:02:31Z,coraza,traefik,48m,904Mi
2026-05-28T21:02:31Z,coraza,whoami,0m,1Mi
2026-05-28T21:02:32Z,coraza,traefik,48m,904Mi
2026-05-28T21:02:32Z,coraza,whoami,0m,1Mi
2026-05-28T21:02:33Z,coraza,traefik,48m,904Mi
2026-05-28T21:02:33Z,coraza,whoami,0m,1Mi
2026-05-28T21:02:34Z,coraza,traefik,48m,904Mi
2026-05-28T21:02:34Z,coraza,whoami,0m,1Mi
2026-05-28T21:02:35Z,coraza,traefik,48m,904Mi
2026-05-28T21:02:35Z,coraza,whoami,0m,1Mi
2026-05-28T21:02:37Z,coraza,traefik,48m,904Mi
2026-05-28T21:02:37Z,coraza,whoami,0m,1Mi
2026-05-28T21:02:38Z,coraza,traefik,48m,904Mi
2026-05-28T21:02:38Z,coraza,whoami,0m,1Mi
2026-05-28T21:02:39Z,coraza,traefik,48m,904Mi
2026-05-28T21:02:39Z,coraza,whoami,0m,1Mi
2026-05-28T21:02:40Z,coraza,traefik,48m,904Mi
2026-05-28T21:02:40Z,coraza,whoami,0m,1Mi
2026-05-28T21:02:41Z,coraza,traefik,48m,904Mi
2026-05-28T21:02:41Z,coraza,whoami,0m,1Mi
2026-05-28T21:02:42Z,coraza,traefik,48m,904Mi
2026-05-28T21:02:42Z,coraza,whoami,0m,1Mi
2026-05-28T21:02:44Z,coraza,traefik,119m,905Mi
2026-05-28T21:02:44Z,coraza,whoami,0m,1Mi
2026-05-28T21:02:45Z,coraza,traefik,119m,905Mi
2026-05-28T21:02:45Z,coraza,whoami,0m,1Mi
2026-05-28T21:02:46Z,coraza,traefik,119m,905Mi
2026-05-28T21:02:46Z,coraza,whoami,0m,1Mi
2026-05-28T21:02:47Z,coraza,traefik,119m,905Mi
2026-05-28T21:02:47Z,coraza,whoami,0m,1Mi
2026-05-28T21:02:48Z,coraza,traefik,119m,905Mi
2026-05-28T21:02:48Z,coraza,whoami,0m,1Mi
2026-05-28T21:02:49Z,coraza,traefik,119m,905Mi
2026-05-28T21:02:49Z,coraza,whoami,0m,1Mi
2026-05-28T21:02:50Z,coraza,traefik,119m,905Mi
2026-05-28T21:02:50Z,coraza,whoami,0m,1Mi
2026-05-28T21:02:51Z,coraza,traefik,119m,905Mi
2026-05-28T21:02:51Z,coraza,whoami,0m,1Mi
2026-05-28T21:02:52Z,coraza,traefik,119m,905Mi
2026-05-28T21:02:52Z,coraza,whoami,0m,1Mi
2026-05-28T21:02:54Z,coraza,traefik,119m,905Mi
2026-05-28T21:02:54Z,coraza,whoami,0m,1Mi
2026-05-28T21:02:55Z,coraza,traefik,119m,905Mi
2026-05-28T21:02:55Z,coraza,whoami,0m,1Mi
2026-05-28T21:02:56Z,coraza,traefik,119m,905Mi
2026-05-28T21:02:56Z,coraza,whoami,0m,1Mi
2026-05-28T21:02:57Z,coraza,traefik,119m,905Mi
2026-05-28T21:02:57Z,coraza,whoami,0m,1Mi
2026-05-28T21:02:58Z,coraza,traefik,119m,905Mi
2026-05-28T21:02:58Z,coraza,whoami,0m,1Mi
2026-05-28T21:02:59Z,coraza,traefik,67m,906Mi
2026-05-28T21:02:59Z,coraza,whoami,27m,6Mi
2026-05-28T21:03:00Z,coraza,traefik,67m,906Mi
2026-05-28T21:03:00Z,coraza,whoami,27m,6Mi
2026-05-28T21:03:01Z,coraza,traefik,67m,906Mi
2026-05-28T21:03:01Z,coraza,whoami,27m,6Mi
2026-05-28T21:03:02Z,coraza,traefik,67m,906Mi
2026-05-28T21:03:02Z,coraza,whoami,27m,6Mi
2026-05-28T21:03:03Z,coraza,traefik,67m,906Mi
2026-05-28T21:03:03Z,coraza,whoami,27m,6Mi
2026-05-28T21:03:05Z,coraza,traefik,67m,906Mi
2026-05-28T21:03:05Z,coraza,whoami,27m,6Mi
2026-05-28T21:03:06Z,coraza,traefik,67m,906Mi
2026-05-28T21:03:06Z,coraza,whoami,27m,6Mi
2026-05-28T21:03:07Z,coraza,traefik,67m,906Mi
2026-05-28T21:03:07Z,coraza,whoami,27m,6Mi
2026-05-28T21:03:08Z,coraza,traefik,67m,906Mi
2026-05-28T21:03:08Z,coraza,whoami,27m,6Mi
2026-05-28T21:03:09Z,coraza,traefik,67m,906Mi
2026-05-28T21:03:09Z,coraza,whoami,27m,6Mi
2026-05-28T21:03:10Z,coraza,traefik,67m,906Mi
2026-05-28T21:03:10Z,coraza,whoami,27m,6Mi
2026-05-28T21:03:11Z,coraza,traefik,67m,906Mi
2026-05-28T21:03:11Z,coraza,whoami,27m,6Mi
2026-05-28T21:03:12Z,coraza,traefik,67m,906Mi
2026-05-28T21:03:12Z,coraza,whoami,27m,6Mi
2026-05-28T21:03:14Z,coraza,traefik,68m,906Mi
2026-05-28T21:03:14Z,coraza,whoami,27m,6Mi
2026-05-28T21:03:15Z,coraza,traefik,68m,906Mi
2026-05-28T21:03:15Z,coraza,whoami,27m,6Mi
2026-05-28T21:03:16Z,coraza,traefik,68m,906Mi
2026-05-28T21:03:16Z,coraza,whoami,27m,6Mi
2026-05-28T21:03:17Z,coraza,traefik,68m,906Mi
2026-05-28T21:03:17Z,coraza,whoami,27m,6Mi
2026-05-28T21:03:18Z,coraza,traefik,68m,906Mi
2026-05-28T21:03:18Z,coraza,whoami,27m,6Mi
2026-05-28T21:03:19Z,coraza,traefik,68m,906Mi
2026-05-28T21:03:19Z,coraza,whoami,27m,6Mi
2026-05-28T21:03:20Z,coraza,traefik,68m,906Mi
2026-05-28T21:03:20Z,coraza,whoami,27m,6Mi
2026-05-28T21:03:21Z,coraza,traefik,68m,906Mi
2026-05-28T21:03:21Z,coraza,whoami,27m,6Mi
2026-05-28T21:03:22Z,coraza,traefik,68m,906Mi
2026-05-28T21:03:22Z,coraza,whoami,27m,6Mi
2026-05-28T21:03:24Z,coraza,traefik,68m,906Mi
2026-05-28T21:03:24Z,coraza,whoami,27m,6Mi
2026-05-28T21:03:25Z,coraza,traefik,68m,906Mi
2026-05-28T21:03:25Z,coraza,whoami,27m,6Mi
2026-05-28T21:03:26Z,coraza,traefik,68m,906Mi
2026-05-28T21:03:26Z,coraza,whoami,27m,6Mi
2026-05-28T21:03:27Z,coraza,traefik,68m,906Mi
2026-05-28T21:03:27Z,coraza,whoami,27m,6Mi
2026-05-28T21:03:28Z,coraza,traefik,68m,906Mi
2026-05-28T21:03:28Z,coraza,whoami,27m,6Mi
2026-05-28T21:03:29Z,coraza,traefik,67m,908Mi
2026-05-28T21:03:29Z,coraza,whoami,25m,6Mi
2026-05-28T21:03:30Z,coraza,traefik,67m,908Mi
2026-05-28T21:03:30Z,coraza,whoami,25m,6Mi
2026-05-28T21:03:31Z,coraza,traefik,67m,908Mi
2026-05-28T21:03:31Z,coraza,whoami,25m,6Mi
2026-05-28T21:03:33Z,coraza,traefik,67m,908Mi
2026-05-28T21:03:33Z,coraza,whoami,25m,6Mi
2026-05-28T21:03:34Z,coraza,traefik,67m,908Mi
2026-05-28T21:03:34Z,coraza,whoami,25m,6Mi
2026-05-28T21:03:35Z,coraza,traefik,67m,908Mi
2026-05-28T21:03:35Z,coraza,whoami,25m,6Mi
2026-05-28T21:03:36Z,coraza,traefik,67m,908Mi
2026-05-28T21:03:36Z,coraza,whoami,25m,6Mi
2026-05-28T21:03:37Z,coraza,traefik,67m,908Mi
2026-05-28T21:03:37Z,coraza,whoami,25m,6Mi
2026-05-28T21:03:38Z,coraza,traefik,67m,908Mi
2026-05-28T21:03:38Z,coraza,whoami,25m,6Mi
2026-05-28T21:03:39Z,coraza,traefik,67m,908Mi
2026-05-28T21:03:39Z,coraza,whoami,25m,6Mi
2026-05-28T21:03:41Z,coraza,traefik,67m,908Mi
2026-05-28T21:03:41Z,coraza,whoami,25m,6Mi
2026-05-28T21:03:42Z,coraza,traefik,67m,908Mi
2026-05-28T21:03:42Z,coraza,whoami,25m,6Mi
2026-05-28T21:03:44Z,coraza,traefik,67m,908Mi
2026-05-28T21:03:44Z,coraza,whoami,25m,6Mi
2026-05-28T21:03:45Z,coraza,traefik,67m,908Mi
2026-05-28T21:03:45Z,coraza,whoami,25m,6Mi
2026-05-28T21:03:46Z,coraza,traefik,67m,908Mi
2026-05-28T21:03:46Z,coraza,whoami,25m,6Mi
2026-05-28T21:03:47Z,coraza,traefik,67m,908Mi
2026-05-28T21:03:47Z,coraza,whoami,25m,6Mi
2026-05-28T21:03:48Z,coraza,traefik,67m,908Mi
2026-05-28T21:03:48Z,coraza,whoami,25m,6Mi
2026-05-28T21:03:49Z,coraza,traefik,67m,908Mi
2026-05-28T21:03:49Z,coraza,whoami,25m,6Mi
2026-05-28T21:03:50Z,coraza,traefik,67m,908Mi
2026-05-28T21:03:50Z,coraza,whoami,25m,6Mi
2026-05-28T21:03:51Z,coraza,traefik,67m,908Mi
2026-05-28T21:03:51Z,coraza,whoami,25m,6Mi
2026-05-28T21:03:53Z,coraza,traefik,67m,908Mi
2026-05-28T21:03:53Z,coraza,whoami,25m,6Mi
2026-05-28T21:03:54Z,coraza,traefik,67m,908Mi
2026-05-28T21:03:54Z,coraza,whoami,25m,6Mi
2026-05-28T21:03:55Z,coraza,traefik,67m,908Mi
2026-05-28T21:03:55Z,coraza,whoami,25m,6Mi
2026-05-28T21:03:56Z,coraza,traefik,67m,908Mi
2026-05-28T21:03:56Z,coraza,whoami,25m,6Mi
2026-05-28T21:03:57Z,coraza,traefik,67m,908Mi
2026-05-28T21:03:57Z,coraza,whoami,25m,6Mi
2026-05-28T21:03:58Z,coraza,traefik,67m,908Mi
2026-05-28T21:03:58Z,coraza,whoami,25m,6Mi
2026-05-28T21:03:59Z,coraza,traefik,196m,946Mi
2026-05-28T21:03:59Z,coraza,whoami,64m,7Mi
2026-05-28T21:04:00Z,coraza,traefik,196m,946Mi
2026-05-28T21:04:00Z,coraza,whoami,64m,7Mi
2026-05-28T21:04:01Z,coraza,traefik,196m,946Mi
2026-05-28T21:04:01Z,coraza,whoami,64m,7Mi
2026-05-28T21:04:03Z,coraza,traefik,196m,946Mi
2026-05-28T21:04:03Z,coraza,whoami,64m,7Mi
2026-05-28T21:04:04Z,coraza,traefik,196m,946Mi
2026-05-28T21:04:04Z,coraza,whoami,64m,7Mi
2026-05-28T21:04:05Z,coraza,traefik,196m,946Mi
2026-05-28T21:04:05Z,coraza,whoami,64m,7Mi
2026-05-28T21:04:06Z,coraza,traefik,196m,946Mi
2026-05-28T21:04:06Z,coraza,whoami,64m,7Mi
2026-05-28T21:04:07Z,coraza,traefik,196m,946Mi
2026-05-28T21:04:07Z,coraza,whoami,64m,7Mi
2026-05-28T21:04:08Z,coraza,traefik,196m,946Mi
2026-05-28T21:04:08Z,coraza,whoami,64m,7Mi
2026-05-28T21:04:09Z,coraza,traefik,196m,946Mi
2026-05-28T21:04:09Z,coraza,whoami,64m,7Mi
2026-05-28T21:04:11Z,coraza,traefik,196m,946Mi
2026-05-28T21:04:11Z,coraza,whoami,64m,7Mi
2026-05-28T21:04:12Z,coraza,traefik,196m,946Mi
2026-05-28T21:04:12Z,coraza,whoami,64m,7Mi
2026-05-28T21:04:13Z,coraza,traefik,196m,946Mi
2026-05-28T21:04:13Z,coraza,whoami,64m,7Mi
2026-05-28T21:04:14Z,coraza,whoami,93m,7Mi
2026-05-28T21:04:15Z,coraza,whoami,93m,7Mi
2026-05-28T21:04:16Z,coraza,whoami,93m,7Mi
2026-05-28T21:04:17Z,coraza,whoami,93m,7Mi
2026-05-28T21:04:18Z,coraza,whoami,93m,7Mi
2026-05-28T21:04:20Z,coraza,whoami,93m,7Mi
2026-05-28T21:04:21Z,coraza,whoami,93m,7Mi
2026-05-28T21:04:22Z,coraza,whoami,93m,7Mi
2026-05-28T21:04:23Z,coraza,whoami,93m,7Mi
2026-05-28T21:04:24Z,coraza,whoami,93m,7Mi
2026-05-28T21:04:25Z,coraza,whoami,93m,7Mi
2026-05-28T21:04:26Z,coraza,whoami,93m,7Mi
2026-05-28T21:04:27Z,coraza,whoami,93m,7Mi
2026-05-28T21:04:29Z,coraza,whoami,18m,6Mi
2026-05-28T21:04:30Z,coraza,whoami,18m,6Mi
2026-05-28T21:04:31Z,coraza,whoami,18m,6Mi
2026-05-28T21:04:32Z,coraza,whoami,18m,6Mi
2026-05-28T21:04:33Z,coraza,whoami,18m,6Mi
2026-05-28T21:04:34Z,coraza,whoami,18m,6Mi
2026-05-28T21:04:35Z,coraza,whoami,18m,6Mi
2026-05-28T21:04:36Z,coraza,whoami,18m,6Mi
2026-05-28T21:04:38Z,coraza,whoami,18m,6Mi
2026-05-28T21:04:39Z,coraza,whoami,18m,6Mi
2026-05-28T21:04:40Z,coraza,whoami,18m,6Mi
2026-05-28T21:04:41Z,coraza,whoami,18m,6Mi
2026-05-28T21:04:42Z,coraza,whoami,18m,6Mi
2026-05-28T21:04:43Z,coraza,whoami,18m,6Mi
2026-05-28T21:04:44Z,coraza,whoami,1m,6Mi
2026-05-28T21:04:45Z,coraza,whoami,1m,6Mi
2026-05-28T21:04:46Z,coraza,whoami,1m,6Mi
2026-05-28T21:04:48Z,coraza,whoami,1m,6Mi
2026-05-28T21:04:49Z,coraza,whoami,1m,6Mi
2026-05-28T21:04:50Z,coraza,whoami,1m,6Mi
2026-05-28T21:04:51Z,coraza,whoami,1m,6Mi
2026-05-28T21:04:52Z,coraza,whoami,1m,6Mi
2026-05-28T21:04:53Z,coraza,whoami,1m,6Mi
2026-05-28T21:04:54Z,coraza,whoami,1m,6Mi
2026-05-28T21:04:56Z,coraza,whoami,1m,6Mi
2026-05-28T21:04:57Z,coraza,whoami,1m,6Mi
2026-05-28T21:04:58Z,coraza,whoami,1m,6Mi
2026-05-28T21:04:59Z,coraza,whoami,1m,6Mi
2026-05-28T21:05:00Z,coraza,whoami,1m,6Mi
2026-05-28T21:05:01Z,coraza,whoami,1m,6Mi
2026-05-28T21:05:02Z,coraza,whoami,1m,6Mi
2026-05-28T21:05:03Z,coraza,whoami,1m,6Mi
2026-05-28T21:05:05Z,coraza,whoami,1m,6Mi
2026-05-28T21:05:06Z,coraza,whoami,1m,6Mi
2026-05-28T21:05:07Z,coraza,whoami,1m,6Mi
2026-05-28T21:05:08Z,coraza,whoami,1m,6Mi
2026-05-28T21:05:09Z,coraza,whoami,1m,6Mi
2026-05-28T21:05:10Z,coraza,whoami,1m,6Mi
2026-05-28T21:05:12Z,coraza,whoami,1m,6Mi
2026-05-28T21:05:13Z,coraza,whoami,1m,6Mi
2026-05-28T21:05:14Z,coraza,whoami,0m,6Mi
2026-05-28T21:05:15Z,coraza,whoami,0m,6Mi
2026-05-28T21:05:17Z,coraza,whoami,0m,6Mi
2026-05-28T21:05:18Z,coraza,whoami,0m,6Mi
2026-05-28T21:05:19Z,coraza,whoami,0m,6Mi
2026-05-28T21:05:21Z,coraza,whoami,0m,6Mi
2026-05-28T21:05:22Z,coraza,whoami,0m,6Mi
2026-05-28T21:05:23Z,coraza,whoami,0m,6Mi
2026-05-28T21:05:24Z,coraza,whoami,0m,6Mi
2026-05-28T21:05:26Z,coraza,whoami,0m,6Mi
2026-05-28T21:05:27Z,coraza,whoami,0m,6Mi
2026-05-28T21:05:28Z,coraza,whoami,0m,6Mi
2026-05-28T21:05:29Z,coraza,whoami,0m,6Mi
2026-05-28T21:05:30Z,coraza,whoami,0m,6Mi
2026-05-28T21:05:31Z,coraza,whoami,0m,6Mi
2026-05-28T21:05:32Z,coraza,whoami,0m,6Mi
2026-05-28T21:05:34Z,coraza,whoami,0m,6Mi
2026-05-28T21:05:35Z,coraza,whoami,0m,6Mi
2026-05-28T21:05:36Z,coraza,whoami,0m,6Mi
2026-05-28T21:05:37Z,coraza,whoami,0m,6Mi
2026-05-28T21:05:38Z,coraza,whoami,0m,6Mi
2026-05-28T21:05:39Z,coraza,whoami,0m,6Mi
2026-05-28T21:05:41Z,coraza,whoami,0m,6Mi
2026-05-28T21:05:42Z,coraza,whoami,0m,6Mi
