2026-05-28T20:59:21Z,purple-wolf,traefik,28m,38Mi
2026-05-28T20:59:21Z,purple-wolf,whoami,2m,1Mi
2026-05-28T20:59:22Z,purple-wolf,traefik,28m,38Mi
2026-05-28T20:59:22Z,purple-wolf,whoami,2m,1Mi
2026-05-28T20:59:23Z,purple-wolf,traefik,28m,38Mi
2026-05-28T20:59:23Z,purple-wolf,whoami,2m,1Mi
2026-05-28T20:59:25Z,purple-wolf,traefik,28m,38Mi
2026-05-28T20:59:25Z,purple-wolf,whoami,2m,1Mi
2026-05-28T20:59:26Z,purple-wolf,traefik,28m,38Mi
2026-05-28T20:59:26Z,purple-wolf,whoami,2m,1Mi
2026-05-28T20:59:27Z,purple-wolf,traefik,28m,38Mi
2026-05-28T20:59:27Z,purple-wolf,whoami,2m,1Mi
2026-05-28T20:59:28Z,purple-wolf,traefik,28m,38Mi
2026-05-28T20:59:28Z,purple-wolf,whoami,2m,1Mi
2026-05-28T20:59:29Z,purple-wolf,traefik,49m,53Mi
2026-05-28T20:59:29Z,purple-wolf,whoami,50m,7Mi
2026-05-28T20:59:30Z,purple-wolf,traefik,49m,53Mi
2026-05-28T20:59:30Z,purple-wolf,whoami,50m,7Mi
2026-05-28T20:59:31Z,purple-wolf,traefik,49m,53Mi
2026-05-28T20:59:31Z,purple-wolf,whoami,50m,7Mi
2026-05-28T20:59:32Z,purple-wolf,traefik,49m,53Mi
2026-05-28T20:59:32Z,purple-wolf,whoami,50m,7Mi
2026-05-28T20:59:33Z,purple-wolf,traefik,49m,53Mi
2026-05-28T20:59:33Z,purple-wolf,whoami,50m,7Mi
2026-05-28T20:59:35Z,purple-wolf,traefik,49m,53Mi
2026-05-28T20:59:35Z,purple-wolf,whoami,50m,7Mi
2026-05-28T20:59:36Z,purple-wolf,traefik,49m,53Mi
2026-05-28T20:59:36Z,purple-wolf,whoami,50m,7Mi
2026-05-28T20:59:37Z,purple-wolf,traefik,49m,53Mi
2026-05-28T20:59:37Z,purple-wolf,whoami,50m,7Mi
2026-05-28T20:59:38Z,purple-wolf,traefik,49m,53Mi
2026-05-28T20:59:38Z,purple-wolf,whoami,50m,7Mi
2026-05-28T20:59:39Z,purple-wolf,traefik,49m,53Mi
2026-05-28T20:59:39Z,purple-wolf,whoami,50m,7Mi
2026-05-28T20:59:40Z,purple-wolf,traefik,49m,53Mi
2026-05-28T20:59:40Z,purple-wolf,whoami,50m,7Mi
2026-05-28T20:59:41Z,purple-wolf,traefik,49m,53Mi
2026-05-28T20:59:41Z,purple-wolf,whoami,50m,7Mi
2026-05-28T20:59:42Z,purple-wolf,traefik,49m,53Mi
2026-05-28T20:59:42Z,purple-wolf,whoami,50m,7Mi
2026-05-28T20:59:43Z,purple-wolf,traefik,100m,77Mi
2026-05-28T20:59:43Z,purple-wolf,whoami,27m,6Mi
2026-05-28T20:59:45Z,purple-wolf,traefik,100m,77Mi
2026-05-28T20:59:45Z,purple-wolf,whoami,27m,6Mi
2026-05-28T20:59:46Z,purple-wolf,traefik,100m,77Mi
2026-05-28T20:59:46Z,purple-wolf,whoami,27m,6Mi
2026-05-28T20:59:47Z,purple-wolf,traefik,100m,77Mi
2026-05-28T20:59:47Z,purple-wolf,whoami,27m,6Mi
2026-05-28T20:59:48Z,purple-wolf,traefik,100m,77Mi
2026-05-28T20:59:48Z,purple-wolf,whoami,27m,6Mi
2026-05-28T20:59:49Z,purple-wolf,traefik,100m,77Mi
2026-05-28T20:59:49Z,purple-wolf,whoami,27m,6Mi
2026-05-28T20:59:50Z,purple-wolf,traefik,100m,77Mi
2026-05-28T20:59:50Z,purple-wolf,whoami,27m,6Mi
2026-05-28T20:59:51Z,purple-wolf,traefik,100m,77Mi
2026-05-28T20:59:51Z,purple-wolf,whoami,27m,6Mi
2026-05-28T20:59:52Z,purple-wolf,traefik,100m,77Mi
2026-05-28T20:59:52Z,purple-wolf,whoami,27m,6Mi
2026-05-28T20:59:53Z,purple-wolf,traefik,100m,77Mi
2026-05-28T20:59:53Z,purple-wolf,whoami,27m,6Mi
2026-05-28T20:59:54Z,purple-wolf,traefik,100m,77Mi
2026-05-28T20:59:54Z,purple-wolf,whoami,27m,6Mi
2026-05-28T20:59:56Z,purple-wolf,traefik,100m,77Mi
2026-05-28T20:59:56Z,purple-wolf,whoami,27m,6Mi
2026-05-28T20:59:57Z,purple-wolf,traefik,100m,77Mi
2026-05-28T20:59:57Z,purple-wolf,whoami,27m,6Mi
2026-05-28T20:59:58Z,purple-wolf,traefik,100m,77Mi
2026-05-28T20:59:58Z,purple-wolf,whoami,27m,6Mi
2026-05-28T20:59:59Z,purple-wolf,traefik,44m,78Mi
2026-05-28T20:59:59Z,purple-wolf,whoami,25m,7Mi
2026-05-28T21:00:00Z,purple-wolf,traefik,44m,78Mi
2026-05-28T21:00:00Z,purple-wolf,whoami,25m,7Mi
2026-05-28T21:00:01Z,purple-wolf,traefik,44m,78Mi
2026-05-28T21:00:01Z,purple-wolf,whoami,25m,7Mi
2026-05-28T21:00:02Z,purple-wolf,traefik,44m,78Mi
2026-05-28T21:00:02Z,purple-wolf,whoami,25m,7Mi
2026-05-28T21:00:03Z,purple-wolf,traefik,44m,78Mi
2026-05-28T21:00:03Z,purple-wolf,whoami,25m,7Mi
2026-05-28T21:00:04Z,purple-wolf,traefik,44m,78Mi
2026-05-28T21:00:04Z,purple-wolf,whoami,25m,7Mi
2026-05-28T21:00:06Z,purple-wolf,traefik,44m,78Mi
2026-05-28T21:00:06Z,purple-wolf,whoami,25m,7Mi
2026-05-28T21:00:07Z,purple-wolf,traefik,44m,78Mi
2026-05-28T21:00:07Z,purple-wolf,whoami,25m,7Mi
2026-05-28T21:00:08Z,purple-wolf,traefik,44m,78Mi
2026-05-28T21:00:08Z,purple-wolf,whoami,25m,7Mi
2026-05-28T21:00:09Z,purple-wolf,traefik,44m,78Mi
2026-05-28T21:00:09Z,purple-wolf,whoami,25m,7Mi
2026-05-28T21:00:10Z,purple-wolf,traefik,44m,78Mi
2026-05-28T21:00:10Z,purple-wolf,whoami,25m,7Mi
2026-05-28T21:00:11Z,purple-wolf,traefik,44m,78Mi
2026-05-28T21:00:11Z,purple-wolf,whoami,25m,7Mi
2026-05-28T21:00:12Z,purple-wolf,traefik,44m,78Mi
2026-05-28T21:00:12Z,purple-wolf,whoami,25m,7Mi
2026-05-28T21:00:14Z,purple-wolf,traefik,44m,79Mi
2026-05-28T21:00:14Z,purple-wolf,whoami,25m,6Mi
2026-05-28T21:00:15Z,purple-wolf,traefik,44m,79Mi
2026-05-28T21:00:15Z,purple-wolf,whoami,25m,6Mi
2026-05-28T21:00:16Z,purple-wolf,traefik,44m,79Mi
2026-05-28T21:00:16Z,purple-wolf,whoami,25m,6Mi
2026-05-28T21:00:17Z,purple-wolf,traefik,44m,79Mi
2026-05-28T21:00:17Z,purple-wolf,whoami,25m,6Mi
2026-05-28T21:00:18Z,purple-wolf,traefik,44m,79Mi
2026-05-28T21:00:18Z,purple-wolf,whoami,25m,6Mi
2026-05-28T21:00:19Z,purple-wolf,traefik,44m,79Mi
2026-05-28T21:00:19Z,purple-wolf,whoami,25m,6Mi
2026-05-28T21:00:20Z,purple-wolf,traefik,44m,79Mi
2026-05-28T21:00:20Z,purple-wolf,whoami,25m,6Mi
2026-05-28T21:00:21Z,purple-wolf,traefik,44m,79Mi
2026-05-28T21:00:21Z,purple-wolf,whoami,25m,6Mi
2026-05-28T21:00:22Z,purple-wolf,traefik,44m,79Mi
2026-05-28T21:00:22Z,purple-wolf,whoami,25m,6Mi
2026-05-28T21:00:24Z,purple-wolf,traefik,44m,79Mi
2026-05-28T21:00:24Z,purple-wolf,whoami,25m,6Mi
2026-05-28T21:00:25Z,purple-wolf,traefik,44m,79Mi
2026-05-28T21:00:25Z,purple-wolf,whoami,25m,6Mi
2026-05-28T21:00:26Z,purple-wolf,traefik,44m,79Mi
2026-05-28T21:00:26Z,purple-wolf,whoami,25m,6Mi
2026-05-28T21:00:27Z,purple-wolf,traefik,44m,79Mi
2026-05-28T21:00:27Z,purple-wolf,whoami,25m,6Mi
2026-05-28T21:00:28Z,purple-wolf,traefik,44m,79Mi
2026-05-28T21:00:28Z,purple-wolf,whoami,25m,6Mi
2026-05-28T21:00:29Z,purple-wolf,traefik,47m,80Mi
2026-05-28T21:00:29Z,purple-wolf,whoami,26m,7Mi
2026-05-28T21:00:30Z,purple-wolf,traefik,47m,80Mi
2026-05-28T21:00:30Z,purple-wolf,whoami,26m,7Mi
2026-05-28T21:00:31Z,purple-wolf,traefik,47m,80Mi
2026-05-28T21:00:31Z,purple-wolf,whoami,26m,7Mi
2026-05-28T21:00:32Z,purple-wolf,traefik,47m,80Mi
2026-05-28T21:00:32Z,purple-wolf,whoami,26m,7Mi
2026-05-28T21:00:33Z,purple-wolf,traefik,47m,80Mi
2026-05-28T21:00:33Z,purple-wolf,whoami,26m,7Mi
2026-05-28T21:00:34Z,purple-wolf,traefik,47m,80Mi
2026-05-28T21:00:34Z,purple-wolf,whoami,26m,7Mi
2026-05-28T21:00:36Z,purple-wolf,traefik,47m,80Mi
2026-05-28T21:00:36Z,purple-wolf,whoami,26m,7Mi
2026-05-28T21:00:37Z,purple-wolf,traefik,47m,80Mi
2026-05-28T21:00:37Z,purple-wolf,whoami,26m,7Mi
2026-05-28T21:00:38Z,purple-wolf,traefik,47m,80Mi
2026-05-28T21:00:38Z,purple-wolf,whoami,26m,7Mi
2026-05-28T21:00:39Z,purple-wolf,traefik,47m,80Mi
2026-05-28T21:00:39Z,purple-wolf,whoami,26m,7Mi
2026-05-28T21:00:40Z,purple-wolf,traefik,47m,80Mi
2026-05-28T21:00:40Z,purple-wolf,whoami,26m,7Mi
2026-05-28T21:00:41Z,purple-wolf,traefik,47m,80Mi
2026-05-28T21:00:41Z,purple-wolf,whoami,26m,7Mi
2026-05-28T21:00:42Z,purple-wolf,traefik,47m,80Mi
2026-05-28T21:00:42Z,purple-wolf,whoami,26m,7Mi
2026-05-28T21:00:43Z,purple-wolf,traefik,47m,80Mi
2026-05-28T21:00:43Z,purple-wolf,whoami,26m,7Mi
2026-05-28T21:00:44Z,purple-wolf,traefik,123m,79Mi
2026-05-28T21:00:44Z,purple-wolf,whoami,61m,7Mi
2026-05-28T21:00:46Z,purple-wolf,traefik,123m,79Mi
2026-05-28T21:00:46Z,purple-wolf,whoami,61m,7Mi
2026-05-28T21:00:47Z,purple-wolf,traefik,123m,79Mi
2026-05-28T21:00:47Z,purple-wolf,whoami,61m,7Mi
2026-05-28T21:00:48Z,purple-wolf,traefik,123m,79Mi
2026-05-28T21:00:48Z,purple-wolf,whoami,61m,7Mi
2026-05-28T21:00:49Z,purple-wolf,traefik,123m,79Mi
2026-05-28T21:00:49Z,purple-wolf,whoami,61m,7Mi
2026-05-28T21:00:50Z,purple-wolf,traefik,123m,79Mi
2026-05-28T21:00:50Z,purple-wolf,whoami,61m,7Mi
2026-05-28T21:00:51Z,purple-wolf,traefik,123m,79Mi
2026-05-28T21:00:51Z,purple-wolf,whoami,61m,7Mi
2026-05-28T21:00:52Z,purple-wolf,traefik,123m,79Mi
2026-05-28T21:00:52Z,purple-wolf,whoami,61m,7Mi
2026-05-28T21:00:53Z,purple-wolf,traefik,123m,79Mi
2026-05-28T21:00:53Z,purple-wolf,whoami,61m,7Mi
2026-05-28T21:00:54Z,purple-wolf,traefik,123m,79Mi
2026-05-28T21:00:54Z,purple-wolf,whoami,61m,7Mi
2026-05-28T21:00:55Z,purple-wolf,traefik,123m,79Mi
2026-05-28T21:00:55Z,purple-wolf,whoami,61m,7Mi
2026-05-28T21:00:57Z,purple-wolf,traefik,123m,79Mi
2026-05-28T21:00:57Z,purple-wolf,whoami,61m,7Mi
2026-05-28T21:00:58Z,purple-wolf,traefik,123m,79Mi
2026-05-28T21:00:58Z,purple-wolf,whoami,61m,7Mi
2026-05-28T21:00:59Z,purple-wolf,traefik,154m,79Mi
2026-05-28T21:00:59Z,purple-wolf,whoami,93m,7Mi
2026-05-28T21:01:00Z,purple-wolf,traefik,154m,79Mi
2026-05-28T21:01:00Z,purple-wolf,whoami,93m,7Mi
2026-05-28T21:01:01Z,purple-wolf,traefik,154m,79Mi
2026-05-28T21:01:01Z,purple-wolf,whoami,93m,7Mi
2026-05-28T21:01:02Z,purple-wolf,traefik,154m,79Mi
2026-05-28T21:01:02Z,purple-wolf,whoami,93m,7Mi
2026-05-28T21:01:03Z,purple-wolf,traefik,154m,79Mi
2026-05-28T21:01:03Z,purple-wolf,whoami,93m,7Mi
2026-05-28T21:01:04Z,purple-wolf,traefik,154m,79Mi
2026-05-28T21:01:04Z,purple-wolf,whoami,93m,7Mi
2026-05-28T21:01:05Z,purple-wolf,traefik,154m,79Mi
2026-05-28T21:01:05Z,purple-wolf,whoami,93m,7Mi
2026-05-28T21:01:07Z,purple-wolf,traefik,154m,79Mi
2026-05-28T21:01:07Z,purple-wolf,whoami,93m,7Mi
2026-05-28T21:01:08Z,purple-wolf,traefik,154m,79Mi
2026-05-28T21:01:08Z,purple-wolf,whoami,93m,7Mi
2026-05-28T21:01:09Z,purple-wolf,traefik,154m,79Mi
2026-05-28T21:01:09Z,purple-wolf,whoami,93m,7Mi
2026-05-28T21:01:10Z,purple-wolf,traefik,154m,79Mi
2026-05-28T21:01:10Z,purple-wolf,whoami,93m,7Mi
2026-05-28T21:01:11Z,purple-wolf,traefik,154m,79Mi
2026-05-28T21:01:11Z,purple-wolf,whoami,93m,7Mi
2026-05-28T21:01:12Z,purple-wolf,traefik,154m,79Mi
2026-05-28T21:01:12Z,purple-wolf,whoami,93m,7Mi
2026-05-28T21:01:13Z,purple-wolf,traefik,154m,79Mi
2026-05-28T21:01:13Z,purple-wolf,whoami,93m,7Mi
2026-05-28T21:01:14Z,purple-wolf,traefik,157m,79Mi
2026-05-28T21:01:14Z,purple-wolf,whoami,93m,7Mi
2026-05-28T21:01:15Z,purple-wolf,traefik,157m,79Mi
2026-05-28T21:01:15Z,purple-wolf,whoami,93m,7Mi
2026-05-28T21:01:16Z,purple-wolf,traefik,157m,79Mi
2026-05-28T21:01:16Z,purple-wolf,whoami,93m,7Mi
2026-05-28T21:01:18Z,purple-wolf,traefik,157m,79Mi
2026-05-28T21:01:18Z,purple-wolf,whoami,93m,7Mi
2026-05-28T21:01:19Z,purple-wolf,traefik,157m,79Mi
2026-05-28T21:01:19Z,purple-wolf,whoami,93m,7Mi
2026-05-28T21:01:20Z,purple-wolf,traefik,157m,79Mi
2026-05-28T21:01:20Z,purple-wolf,whoami,93m,7Mi
2026-05-28T21:01:21Z,purple-wolf,traefik,157m,79Mi
2026-05-28T21:01:21Z,purple-wolf,whoami,93m,7Mi
2026-05-28T21:01:22Z,purple-wolf,traefik,157m,79Mi
2026-05-28T21:01:22Z,purple-wolf,whoami,93m,7Mi
2026-05-28T21:01:23Z,purple-wolf,traefik,157m,79Mi
2026-05-28T21:01:23Z,purple-wolf,whoami,93m,7Mi
2026-05-28T21:01:24Z,purple-wolf,traefik,157m,79Mi
2026-05-28T21:01:24Z,purple-wolf,whoami,93m,7Mi
2026-05-28T21:01:25Z,purple-wolf,traefik,157m,79Mi
2026-05-28T21:01:25Z,purple-wolf,whoami,93m,7Mi
2026-05-28T21:01:26Z,purple-wolf,traefik,157m,79Mi
2026-05-28T21:01:26Z,purple-wolf,whoami,93m,7Mi
2026-05-28T21:01:28Z,purple-wolf,traefik,157m,79Mi
2026-05-28T21:01:28Z,purple-wolf,whoami,93m,7Mi
2026-05-28T21:01:29Z,purple-wolf,traefik,154m,79Mi
2026-05-28T21:01:29Z,purple-wolf,whoami,101m,7Mi
2026-05-28T21:01:30Z,purple-wolf,traefik,154m,79Mi
2026-05-28T21:01:30Z,purple-wolf,whoami,101m,7Mi
2026-05-28T21:01:31Z,purple-wolf,traefik,154m,79Mi
2026-05-28T21:01:31Z,purple-wolf,whoami,101m,7Mi
2026-05-28T21:01:32Z,purple-wolf,traefik,154m,79Mi
2026-05-28T21:01:32Z,purple-wolf,whoami,101m,7Mi
2026-05-28T21:01:33Z,purple-wolf,traefik,154m,79Mi
2026-05-28T21:01:33Z,purple-wolf,whoami,101m,7Mi
2026-05-28T21:01:34Z,purple-wolf,traefik,154m,79Mi
2026-05-28T21:01:34Z,purple-wolf,whoami,101m,7Mi
2026-05-28T21:01:35Z,purple-wolf,traefik,154m,79Mi
2026-05-28T21:01:35Z,purple-wolf,whoami,101m,7Mi
2026-05-28T21:01:36Z,purple-wolf,traefik,154m,79Mi
2026-05-28T21:01:36Z,purple-wolf,whoami,101m,7Mi
2026-05-28T21:01:37Z,purple-wolf,traefik,154m,79Mi
2026-05-28T21:01:37Z,purple-wolf,whoami,101m,7Mi
2026-05-28T21:01:39Z,purple-wolf,traefik,154m,79Mi
2026-05-28T21:01:39Z,purple-wolf,whoami,101m,7Mi
2026-05-28T21:01:40Z,purple-wolf,traefik,154m,79Mi
2026-05-28T21:01:40Z,purple-wolf,whoami,101m,7Mi
2026-05-28T21:01:41Z,purple-wolf,traefik,154m,79Mi
2026-05-28T21:01:41Z,purple-wolf,whoami,101m,7Mi
2026-05-28T21:01:42Z,purple-wolf,traefik,154m,79Mi
2026-05-28T21:01:42Z,purple-wolf,whoami,101m,7Mi
2026-05-28T21:01:43Z,purple-wolf,traefik,154m,79Mi
2026-05-28T21:01:43Z,purple-wolf,whoami,101m,7Mi
2026-05-28T21:01:44Z,purple-wolf,traefik,215m,74Mi
2026-05-28T21:01:44Z,purple-wolf,whoami,166m,8Mi
2026-05-28T21:01:45Z,purple-wolf,traefik,215m,74Mi
2026-05-28T21:01:45Z,purple-wolf,whoami,166m,8Mi
2026-05-28T21:01:46Z,purple-wolf,traefik,215m,74Mi
2026-05-28T21:01:46Z,purple-wolf,whoami,166m,8Mi
2026-05-28T21:01:47Z,purple-wolf,traefik,215m,74Mi
2026-05-28T21:01:47Z,purple-wolf,whoami,166m,8Mi
2026-05-28T21:01:49Z,purple-wolf,traefik,215m,74Mi
2026-05-28T21:01:49Z,purple-wolf,whoami,166m,8Mi
2026-05-28T21:01:50Z,purple-wolf,traefik,215m,74Mi
2026-05-28T21:01:50Z,purple-wolf,whoami,166m,8Mi
2026-05-28T21:01:51Z,purple-wolf,traefik,215m,74Mi
2026-05-28T21:01:51Z,purple-wolf,whoami,166m,8Mi
2026-05-28T21:01:52Z,purple-wolf,traefik,215m,74Mi
2026-05-28T21:01:52Z,purple-wolf,whoami,166m,8Mi
2026-05-28T21:01:53Z,purple-wolf,traefik,215m,74Mi
2026-05-28T21:01:53Z,purple-wolf,whoami,166m,8Mi
2026-05-28T21:01:54Z,purple-wolf,traefik,215m,74Mi
2026-05-28T21:01:54Z,purple-wolf,whoami,166m,8Mi
2026-05-28T21:01:55Z,purple-wolf,traefik,215m,74Mi
2026-05-28T21:01:55Z,purple-wolf,whoami,166m,8Mi
2026-05-28T21:01:56Z,purple-wolf,traefik,215m,74Mi
2026-05-28T21:01:56Z,purple-wolf,whoami,166m,8Mi
2026-05-28T21:01:57Z,purple-wolf,traefik,215m,74Mi
2026-05-28T21:01:57Z,purple-wolf,whoami,166m,8Mi
2026-05-28T21:01:59Z,purple-wolf,traefik,270m,77Mi
2026-05-28T21:01:59Z,purple-wolf,whoami,166m,8Mi
2026-05-28T21:02:00Z,purple-wolf,traefik,270m,77Mi
2026-05-28T21:02:00Z,purple-wolf,whoami,166m,8Mi
2026-05-28T21:02:01Z,purple-wolf,traefik,270m,77Mi
2026-05-28T21:02:01Z,purple-wolf,whoami,166m,8Mi
2026-05-28T21:02:02Z,purple-wolf,traefik,270m,77Mi
2026-05-28T21:02:02Z,purple-wolf,whoami,166m,8Mi
2026-05-28T21:02:03Z,purple-wolf,traefik,270m,77Mi
2026-05-28T21:02:03Z,purple-wolf,whoami,166m,8Mi
2026-05-28T21:02:04Z,purple-wolf,traefik,270m,77Mi
2026-05-28T21:02:04Z,purple-wolf,whoami,166m,8Mi
2026-05-28T21:02:05Z,purple-wolf,traefik,270m,77Mi
2026-05-28T21:02:05Z,purple-wolf,whoami,166m,8Mi
2026-05-28T21:02:07Z,purple-wolf,traefik,270m,77Mi
2026-05-28T21:02:07Z,purple-wolf,whoami,166m,8Mi
2026-05-28T21:02:08Z,purple-wolf,traefik,270m,77Mi
2026-05-28T21:02:08Z,purple-wolf,whoami,166m,8Mi
2026-05-28T21:02:09Z,purple-wolf,traefik,270m,77Mi
2026-05-28T21:02:09Z,purple-wolf,whoami,166m,8Mi
2026-05-28T21:02:10Z,purple-wolf,traefik,270m,77Mi
2026-05-28T21:02:10Z,purple-wolf,whoami,166m,8Mi
2026-05-28T21:02:11Z,purple-wolf,traefik,270m,77Mi
2026-05-28T21:02:11Z,purple-wolf,whoami,166m,8Mi
2026-05-28T21:02:12Z,purple-wolf,traefik,270m,77Mi
2026-05-28T21:02:12Z,purple-wolf,whoami,166m,8Mi
2026-05-28T21:02:13Z,purple-wolf,traefik,270m,77Mi
2026-05-28T21:02:13Z,purple-wolf,whoami,166m,8Mi
2026-05-28T21:02:14Z,purple-wolf,traefik,285m,81Mi
2026-05-28T21:02:14Z,purple-wolf,whoami,169m,7Mi
2026-05-28T21:02:15Z,purple-wolf,traefik,285m,81Mi
2026-05-28T21:02:15Z,purple-wolf,whoami,169m,7Mi
2026-05-28T21:02:17Z,purple-wolf,traefik,285m,81Mi
2026-05-28T21:02:17Z,purple-wolf,whoami,169m,7Mi
2026-05-28T21:02:18Z,purple-wolf,traefik,285m,81Mi
2026-05-28T21:02:18Z,purple-wolf,whoami,169m,7Mi
2026-05-28T21:02:19Z,purple-wolf,traefik,285m,81Mi
2026-05-28T21:02:19Z,purple-wolf,whoami,169m,7Mi
2026-05-28T21:02:20Z,purple-wolf,traefik,285m,81Mi
2026-05-28T21:02:20Z,purple-wolf,whoami,169m,7Mi
2026-05-28T21:02:21Z,purple-wolf,traefik,285m,81Mi
2026-05-28T21:02:21Z,purple-wolf,whoami,169m,7Mi
2026-05-28T21:02:22Z,purple-wolf,traefik,285m,81Mi
2026-05-28T21:02:22Z,purple-wolf,whoami,169m,7Mi
2026-05-28T21:02:23Z,purple-wolf,traefik,285m,81Mi
2026-05-28T21:02:23Z,purple-wolf,whoami,169m,7Mi
2026-05-28T21:02:24Z,purple-wolf,traefik,285m,81Mi
2026-05-28T21:02:24Z,purple-wolf,whoami,169m,7Mi
2026-05-28T21:02:25Z,purple-wolf,traefik,285m,81Mi
2026-05-28T21:02:25Z,purple-wolf,whoami,169m,7Mi
